season_label,cnt
Fall,5644.303191489362
Spring,2604.1325966850827
Summer,4992.33152173913
Winter,4728.162921348315
