weather_label,cnt
Clear,4876.7861771058315
Light Snow/Rain,1803.2857142857142
Mist + Cloudy,4035.862348178138
